{
    "small-semi-clusters": {
        "berlin52": {
            "qdc": 0.4538812838007412,
            "R": 0.8745439495963425,
            "eigen1": 31711.85679456732
        },
        "ch130": {
            "qdc": 0.3626830559754079,
            "R": 0.696810486351244,
            "eigen1": 47209.80608460529
        },
        "ch150": {
            "qdc": 0.3647062637793591,
            "R": 0.8444277218096665,
            "eigen1": 54797.37222742369
        },
        "gil262": {
            "qdc": 0.3681103810284067,
            "R": 0.7190113169375932,
            "eigen1": 27227.817931043064
        },
        "kroA100": {
            "qdc": 0.4179963132669234,
            "R": 0.7520384148107926,
            "eigen1": 173515.951403987
        },
        "kroB100": {
            "qdc": 0.4224799181137456,
            "R": 0.7513448653859419,
            "eigen1": 171571.32538297607
        },
        "kroC100": {
            "qdc": 0.41901884111612137,
            "R": 0.7539400576350128,
            "eigen1": 171941.70334286825
        },
        "kroD100": {
            "qdc": 0.394819343095074,
            "R": 0.7359649189806815,
            "eigen1": 166256.5597426662
        },
        "kroE100": {
            "qdc": 0.4329299212418092,
            "R": 0.7551591125815225,
            "eigen1": 175448.57684965635
        },
        "kroA150": {
            "qdc": 0.41909792742939944,
            "R": 0.7414736940711817,
            "eigen1": 262240.1516721061
        },
        "kroB150": {
            "qdc": 0.4302681908304745,
            "R": 0.7327543442935025,
            "eigen1": 259957.02636556787
        },
        "kroA200": {
            "qdc": 0.4190026243386429,
            "R": 0.7063636500265714,
            "eigen1": 346364.6486718783
        },
        "kroB200": {
            "qdc": 0.40527789003779563,
            "R": 0.7253967242847746,
            "eigen1": 339967.11304611654
        },
        "lin105": {
            "qdc": 0.42931746466352455,
            "R": 0.5546072020907588,
            "eigen1": 126923.74600162634
        },
        "rd100": {
            "qdc": 0.38313033993331524,
            "R": 0.8121329729928386,
            "eigen1": 56114.613805655616
        },
        "rd400": {
            "qdc": 0.3667573716423538,
            "R": 0.758452140592125,
            "eigen1": 215879.59981797694
        },
        "st70": {
            "qdc": 0.3687207620525117,
            "R": 0.807996288598754,
            "eigen1": 3684.5894738772754
        },
        "tsp225": {
            "qdc": 0.36965602449403123,
            "R": 0.9010276540794935,
            "eigen1": 42650.19453692973
        },
        "u159": {
            "qdc": 0.4256578139237062,
            "R": 0.720941758452043,
            "eigen1": 456259.7411797439
        }
    },
    "few-heavy-clusters": {
        "pr226": {
            "qdc": 0.35285432650872467,
            "R": 0.3403636433316849,
            "eigen1": 1714197.5185103405
        },
        "pr439": {
            "qdc": 0.4755084577552012,
            "R": 0.4701775720360253,
            "eigen1": 2015465.2925878149
        }
    },
    "heavy-separation-cluster": {
        "d198": {
            "qdc": 0.6531502946062349,
            "R": 0.4335963073839776,
            "eigen1": 216090.73148218187
        },
        "fl417": {
            "qdc": 0.47356102297485436,
            "R": 0.277095311739845,
            "eigen1": 499252.66781020636
        },
        "pr107": {
            "qdc": 0.5557154913613173,
            "R": 0.39227290443170193,
            "eigen1": 575770.3805926247
        },
        "pr264": {
            "qdc": 0.6171013078701905,
            "R": 0.4042248874032151,
            "eigen1": 1128429.945410511
        }
    },
    "semi-regular-distr": {
        "a280": {
            "qdc": 0.39118470584844633,
            "R": 0.9690357722372724,
            "eigen1": 34693.66315259969
        },
        "eil51": {
            "qdc": 0.3603659819943238,
            "R": 1.2031186581037625,
            "eigen1": 1670.044745018154
        },
        "eil76": {
            "qdc": 0.3634382907901635,
            "R": 1.1230206855232552,
            "eigen1": 2572.6225701923295
        },
        "eil101": {
            "qdc": 0.3727595617798374,
            "R": 1.1016452447097018,
            "eigen1": 3499.773935333955
        },
        "rat99": {
            "qdc": 0.4156389920432383,
            "R": 1.0600259356922745,
            "eigen1": 8589.392830386161
        },
        "rat195": {
            "qdc": 0.417945694214048,
            "R": 1.0449625123557988,
            "eigen1": 23281.75743577992
        }
    },
    "many-medium-clusters": {
        "bier127": {
            "qdc": 0.44453008798983545,
            "R": 0.6425406629489704,
            "eigen1": 691230.3089237872
        },
        "lin318": {
            "qdc": 0.3603453680470795,
            "R": 0.5255732845613839,
            "eigen1": 600710.0565138153
        },
        "linhp318": {
            "qdc": 0.3603453680470795,
            "R": 0.5255732845613839,
            "eigen1": 600710.0565138153
        },
        "pcb442": {
            "qdc": 0.36681921665372574,
            "R": 0.9245316263430227,
            "eigen1": 788921.8539084685
        },
        "pr76": {
            "qdc": 0.3689477462846214,
            "R": 0.7095908121962748,
            "eigen1": 593708.5172511559
        },
        "pr124": {
            "qdc": 0.42889957980901733,
            "R": 0.5026846024865849,
            "eigen1": 705358.1014365023
        },
        "pr136": {
            "qdc": 0.42576972067206903,
            "R": 0.8938386693083058,
            "eigen1": 832320.154676518
        },
        "pr144": {
            "qdc": 0.35382824070505453,
            "R": 0.23612405804492712,
            "eigen1": 823915.0239695016
        },
        "pr152": {
            "qdc": 0.31181129808785507,
            "R": 0.3285226852555246,
            "eigen1": 1080150.4230897236
        },
        "pr299": {
            "qdc": 0.4450613554483812,
            "R": 0.7815081916577962,
            "eigen1": 780937.3460473758
        },
        "ts225": {
            "qdc": 0.3592455179659185,
            "R": 0.8838834764831845,
            "eigen1": 1622150.7054677587
        }
    }
}